{"cameraMode":{"drawMode":0,"name":"Shaded","section":"Shading Mode"},"sceneLighting":true,"audioPlay":false,"sceneViewState":{"m_AlwaysRefresh":false,"showFog":true,"showSkybox":true,"showFlares":true,"showImageEffects":true,"showParticleSystems":true,"showVisualEffectGraphs":true,"m_FxEnabled":false},"in2DMode":false,"pivot":{"x":613.4735107421875,"y":623.5838012695313,"z":440.7270812988281},"rotation":{"x":-0.05278504267334938,"y":0.0020943116396665575,"z":-0.00011064286809414625,"w":-0.9986003041267395},"size":857.333251953125,"orthographic":false}